EmployeeNumber,RTCZ001,RTCZ002,RTCZ003
Honorific,Ms.,Mrs.,Mr.
Suffix,,,III
LastName,Bwalya,Malama,Nyangu
FirstName,Mary,Beatrice,Ithamar
Organization,Right to Care Zambia,Right to Care Zambia,Right to Care Zambia
Title,Program Manager,Admin Officer,Applications Developer
Phone,+260 977 123 100,0972448338,0979511258
Email,mary.bwalya@righttocare.org.zm,beatrice@righttocare-zambia.org,ithamar.nyangu@righttocare-zambia.org
Street,Plot 12 Addis Ababa Drive,Plot 12 Addis Ababa Drive,Plot 12 Addis Ababa Drive
City,Lusaka,Lusaka,Lusaka
Region,Lusaka Province,Lusaka Province,Lusaka Province
PostalCode,10101,10101,10101
Country,Zambia,Zambia,Zambia
